username,email,phone,location,password,fullName,photoPath
ahmed_74,ahmed_74@example.com,,Giza,hi,,
karim_70,karim_70@example.com,,Alexandria,hi,,
ahmed_91,ahmed_91@example.com,,Port Said,hi,,
nour_32,nour_32@example.com,,Cairo,hi,,
karim_40,karim_40@example.com,,Mansoura,hi,,
salma_39,salma_39@example.com,,Tanta,hi,,
karim_27,karim_27@example.com,,Alexandria,hi,,
omar_23,omar_23@example.com,,Cairo,hi,,
ahmed_21,ahmed_21@example.com,,Cairo,hi,,
nour_63,nour_63@example.com,,Mansoura,hi,,
nour_17,nour_17@example.com,,Mansoura,hi,,
salma_86,salma_86@example.com,,Mansoura,hi,,
habiba_96,habiba_96@example.com,,Tanta,hi,,
farah_37,farah_37@example.com,,Cairo,hi,,
youssef_62,youssef_62@example.com,,Port Said,hi,,
farah_76,farah_76@example.com,,Giza,hi,,
youssef_89,youssef_89@example.com,,Alexandria,hi,,
ahmed_77,ahmed_77@example.com,,Mansoura,hi,,
salma_88,salma_88@example.com,,Mansoura,hi,,
salma_70,salma_70@example.com,,Alexandria,hi,,
youssef_34,youssef_34@example.com,,Tanta,hi,,
karim_29,karim_29@example.com,,Cairo,hi,,
habiba_75,habiba_75@example.com,,Alexandria,hi,,
nour_62,nour_62@example.com,,Tanta,hi,,
omar_33,omar_33@example.com,,Port Said,hi,,
youssef_66,youssef_66@example.com,,Giza,hi,,
omar_41,omar_41@example.com,,Tanta,hi,,
farah_94,farah_94@example.com,,Port Said,hi,,
karim_57,karim_57@example.com,,Cairo,hi,,
nour_59,nour_59@example.com,,Tanta,hi,,
farah_74,farah_74@example.com,,Mansoura,hi,,
salma_30,salma_30@example.com,,Tanta,hi,,
nour_88,nour_88@example.com,,Alexandria,hi,,
habiba_72,habiba_72@example.com,,Port Said,hi,,
youssef_85,youssef_85@example.com,,Mansoura,hi,,
ahmed_74,ahmed_74@example.com,,Mansoura,hi,,
salma_72,salma_72@example.com,,Port Said,hi,,
karim_50,karim_50@example.com,,Port Said,hi,,
habiba_85,habiba_85@example.com,,Port Said,hi,,
ahmed_80,ahmed_80@example.com,,Cairo,hi,,
farah_51,farah_51@example.com,,Giza,hi,,
nour_53,nour_53@example.com,,Cairo,hi,,
habiba_54,habiba_54@example.com,,Cairo,hi,,
nour_44,nour_44@example.com,,Alexandria,hi,,
nour_85,nour_85@example.com,,Cairo,hi,,
salma_61,salma_61@example.com,,Alexandria,hi,,
farah_40,farah_40@example.com,,Mansoura,hi,,
habiba_17,habiba_17@example.com,,Giza,hi,,
nour_44,nour_44@example.com,,Giza,hi,,
nour_14,nour_14@example.com,,Tanta,hi,,
testuser2,test2@example.com,+123456789,USA,$2b$10$TaKaQYNK6LIw4aQro9p37eJULbYdDNnKzLd375C3.1QKx7e5lZ2PG,,
wadood,mbwai707@gmail.com,+1231234567890,hh,$2b$10$a4g4r1mP3pTLEoWY3X5Eau0rM4npO2HUowYTPxOZ4V0e3z.7ye/1.,wadood,/uploads/1778776355908.png
user1,mbwai707@gmail.com,+1231234567890,hh,$2b$10$NdY3ac3PE6QHc06naOlIPezB2Yll3lNgz83RlGD/cm/ORcMVxzwj2,the reven,
the_guy,the@guy,+123456789,ee,$2b$10$r6X/GibZ843SHMooShbdSe4Ab4EAsamv.iOsQ8jEoWZhJQcPGHSEO,the_guy,/uploads/1778778763441.png
